sss,eee,man,HDJfna97L7u/3MoStXjZSm5/zqNJzDhYntv/AUD3FYWjEa2/SAWMxkiUqBQ/gjzju87bZ8U/LEb99uWRdRo/trdfL9s8Bu3
bbbb,rrrr,man,ccy89fMd4Kp/Tx4BtzLhqJs/X428EoRtjyF/N6uYeuK72jm/qpGdPcYzpgT/AzXL3B5a3Ls/LEb99uWRdRo/trdfL9s8Bu3
cccc,ddddd,woman,LKHQsZCZHWD/9fB6NRniuAE/vtNtrHM42zg/2swfstJYenr/fWagZLRJsUk/ndTCeG7VQFV/puo4CygJVSQ/JHqzLpVb3Nk/F76DF3Q9quA/gjzju87bZ8U
ffff,tttttt,woman,HDJfna97L7u/t5Df5sQg596/LKHQsZCZHWD/vtNtrHM42zg/cSFyv7uNaov/2swfstJYenr/fWagZLRJsUk/puo4CygJVSQ/F76DF3Q9quA/ti2J5EdvN5r/nNX7kzgeP3F/gjzju87bZ8U
ddd,dddd,woman,zKRPFLu2jgZ/E8yVxji683t/TcCfcFQJTvQ/qn2u2ke4SFh/fgvr8D6CTLy/gjzju87bZ8U/4uWoFdxHNs9
kaa,sss,woman,bsQTdnxBRCg/A6fs23wXGzo/fN4WaDaWQXG/2EZeRaoMfyo/CpoY5rNqrni/gjzju87bZ8U
fff,ffff,man,jDxYYNGAnbW/aLytobHKcYz/DckKwTmP67D/yNmqEmayqQN/omo9NveM79P/Ng9VXLwMYSz/225L5UjcFvx/ti2J5EdvN5r/bsQTdnxBRCg/gBUprAHCWyq/6NtnUrNncmN/h9N6hv83FQY
sss,sss,man,DckKwTmP67D/m9nykZiJdGk/ouw7rU9KDUe/Lqk6JMuEDQQ/onFpa8TJv7D/omo9NveM79P/Ng9VXLwMYSz/nQPUSKCF4gE/JxGvhLF5MNy/CgCReQxxP2A/CiLNVjNcgxR/z45ZJqTVprq/bsQTdnxBRCg/WquSXndWraC/gBUprAHCWyq/h9N6hv83FQY/zqNJzDhYntv
ii,iii,man,aLytobHKcYz/ccy89fMd4Kp/sEraSCjs2Cm/TkKnwB7qxui/R5boN4jg7KE/LrNfsLeRzB4/2mKEqmfeiEi/omo9NveM79P/og2xYeo9qBZ/wZqoifgtX8b/X5ZC26ZFeFC/JxGvhLF5MNy/PWXeTjMHk8c/z45ZJqTVprq/zqNJzDhYntv
vvv,vvv,man,Tx4BtzLhqJs/DckKwTmP67D/qPYrVEGV6CS/TkKnwB7qxui/u8wcWvBqF2i/FDrH5ZHPwJM/2mKEqmfeiEi/DD59aESALmm/kJVM6KJ6JR6/6J22pHSKDrK/wZqoifgtX8b/ti2J5EdvN5r/X5ZC26ZFeFC/B7ayhZFnRLD/JxGvhLF5MNy/PWXeTjMHk8c/z45ZJqTVprq/gBUprAHCWyq/zqNJzDhYntv
,,,N6uYeuK72jm/SCutZXxT4jS/Ng9VXLwMYSz/z45ZJqTVprq/h798wBkEfxQ/bsQTdnxBRCg
eee,eeee,man,N6uYeuK72jm/SCutZXxT4jS/h798wBkEfxQ
lll,lll,man,N6uYeuK72jm
fff,fff,woman,JxGvhLF5MNy/en7TWmpcWvF/CpoY5rNqrni
test,test,man,TkKnwB7qxui/onFpa8TJv7D/2cZoeuSnQMX/TULnowjKMmn/zqNJzDhYntv
ffff,ffff,man,7uz4RY8ixaW/YFN6oV2kXhS/YuzokqbhinU
ggg,ggg,man,TXHxpQ9pFwu/G9PFkTLnMMu/GHXzwHXfHFU/TcCfcFQJTvQ
kkk,llll,man,ZLDjEWgsaeQ/HMer9nShGvw/h9N6hv83FQY
,,,JSeifRNFEpc
lll,lll,man,6KxRjB9UiM3
aaa,gggg,man,MzVTCogA9xj/cnspUHRiNua/FXcwoLPv76T
aaa,gggg,man,EviBHMnN9vr/MzVTCogA9xj/cnspUHRiNua/FXcwoLPv76T
